{
  "configVersion": 1,
  "timestamp": 1642778162648,
  "index": "/index.html",
  "assetGroups": [
    {
      "name": "app",
      "installMode": "prefetch",
      "updateMode": "prefetch",
      "cacheQueryOptions": {
        "ignoreVary": true
      },
      "urls": [
        "/1033.4333f4e18bb0edd5.js",
        "/1118.a65372ba87c17fc7.js",
        "/1217.6da0cb7d655d5cf2.js",
        "/1228.836567e19d055a16.js",
        "/1238.bd19d2aa1832df5b.js",
        "/1536.56893c859b337994.js",
        "/1650.6dfa8e9c3b84ba39.js",
        "/1709.042f5e5739f6f4c8.js",
        "/1844.b5b01c275e3b8670.js",
        "/2073.a774e57838656d83.js",
        "/2289.6b172f3990d7cb3a.js",
        "/2349.90ddd493fb01ba49.js",
        "/239.0cb0a053847935ef.js",
        "/2442.d9f26099077d7456.js",
        "/2698.d34dffd6811070ba.js",
        "/2715.136dfc4f3e07c5fd.js",
        "/2739.62afc442b44ffefe.js",
        "/2773.591895c0eaa0c42f.js",
        "/2933.93b7c4bca0942905.js",
        "/2987.4accad74d83c603a.js",
        "/3274.1b511715a78e3d2f.js",
        "/3326.33b8202895464a05.js",
        "/3465.dbf2301978497fb8.js",
        "/3527.608917d56d54f2ed.js",
        "/3583.826c67686c3d99c1.js",
        "/3648.6bd1440390b8b318.js",
        "/3664.b87ffbeae4c8f8d1.js",
        "/3802.97213a2e68c0a8ee.js",
        "/3804.8ce856562a744928.js",
        "/3822.ec985f7dc5982c2f.js",
        "/388.d6550d6575932e31.js",
        "/39.ae748cc7f5cc55f1.js",
        "/3954.6344c003d7fe6f62.js",
        "/410.16a62b6c4b6c440b.js",
        "/4174.54a87ba1651d800e.js",
        "/4203.f88a38e39c0cd7e2.js",
        "/4330.af6cb65c611a1264.js",
        "/4376.c132a634ce705a11.js",
        "/438.a06169259f56cb1a.js",
        "/4432.068519ec65a523da.js",
        "/4477.2804a0e8425d41db.js",
        "/4711.c67a4ae991ed5753.js",
        "/4753.9a24da01e5fb77cb.js",
        "/4908.e30e0304b3981401.js",
        "/4959.1e3103e3fa815a6b.js",
        "/4987.8f6f03dedffe72a2.js",
        "/5168.9c71bd0f299bc861.js",
        "/5212.1fb66e2b0e1ade7c.js",
        "/53.7a62c16aed4b8977.js",
        "/5349.f288aaab5fb89af3.js",
        "/5487.54827f8247a13867.js",
        "/5572.3f9f1f8a1d9d453f.js",
        "/5652.f611e7624d42bb7f.js",
        "/5836.d750497c324827b2.js",
        "/6120.a4f594d516d61471.js",
        "/6560.98213b9f4af35a5b.js",
        "/657.e4ac080195fac1ee.js",
        "/6708.4fb8a7b1db98e7ed.js",
        "/6713.469117436cd97bf4.js",
        "/7544.8baf68a3869fe268.js",
        "/7602.d2650905d94c8f4f.js",
        "/7696.a82c0e09ba222dfb.js",
        "/7839.c1fff36668bb3d54.js",
        "/7883.cadacf82efdd5086.js",
        "/7943.633dc8d495df3148.js",
        "/8034.39cc27e96305e51a.js",
        "/8136.b4112c8c449adc43.js",
        "/816.d42702c759b80ddd.js",
        "/82.fadc4daa66cdca96.js",
        "/8232.136d595f0d698780.js",
        "/8234.467826c3b9a48df4.js",
        "/8628.073759e030c15c71.js",
        "/8913.5da50545a0c6644e.js",
        "/8939.82c5fdb1cf47d2f2.js",
        "/9016.0aff4c17f5bac874.js",
        "/9242.8670fef4f3af6dfc.js",
        "/9325.3403744bfa984522.js",
        "/9434.ec74495f71fd6b4c.js",
        "/9536.947fa5f373fd4cc0.js",
        "/9654.343edcdfc1880dd1.js",
        "/9824.3546fc4f0f675409.js",
        "/9922.1774f50c98c2f4a6.js",
        "/9958.b9628740b83eeae2.js",
        "/common.edc1dcfa0b3e801d.js",
        "/index.html",
        "/main.489784adace474f5.js",
        "/manifest.webmanifest",
        "/polyfills-core-js.b3eb16f0f64e9b8c.js",
        "/polyfills-dom.3a5e3168052f1fc5.js",
        "/polyfills.8a98a597f426b6b1.js",
        "/runtime.803d687346806bb8.js",
        "/stencil-polyfills-css-shim.fa00a8f87f0e257c.js",
        "/stencil-polyfills-dom.348609324cf29d12.js",
        "/styles.01abda053c6fcfec.css"
      ],
      "patterns": []
    },
    {
      "name": "assets",
      "installMode": "lazy",
      "updateMode": "prefetch",
      "cacheQueryOptions": {
        "ignoreVary": true
      },
      "urls": [
        "/assets/avatar.svg",
        "/assets/icon/favicon - Copie.png",
        "/assets/icon/favicon.png",
        "/assets/icon/logo.png",
        "/assets/icons/icon-128x128.old.png",
        "/assets/icons/icon-128x128.png",
        "/assets/icons/icon-144x144.old.png",
        "/assets/icons/icon-144x144.png",
        "/assets/icons/icon-152x152.old.png",
        "/assets/icons/icon-152x152.png",
        "/assets/icons/icon-192x192.old.png",
        "/assets/icons/icon-192x192.png",
        "/assets/icons/icon-384x384.old.png",
        "/assets/icons/icon-384x384.png",
        "/assets/icons/icon-512x512.old.png",
        "/assets/icons/icon-512x512.png",
        "/assets/icons/icon-72x72.old.png",
        "/assets/icons/icon-72x72.png",
        "/assets/icons/icon-96x96.old.png",
        "/assets/icons/icon-96x96.png",
        "/assets/shapes.svg"
      ],
      "patterns": []
    }
  ],
  "dataGroups": [],
  "hashTable": {
    "/1033.4333f4e18bb0edd5.js": "61ca6134f1f8ba93793cb10eaf50fd750e9839f5",
    "/1118.a65372ba87c17fc7.js": "b0578899f75e982bcd783097a3c83eab23d16240",
    "/1217.6da0cb7d655d5cf2.js": "aa57f91654eb96a3f0b45ac7d44fad0f5ce30ec4",
    "/1228.836567e19d055a16.js": "888eedfebc20eca183da3cbf8e064f42efdc2ffd",
    "/1238.bd19d2aa1832df5b.js": "f5c7402c286ab2d59fc3053e0c122791d654bcb4",
    "/1536.56893c859b337994.js": "3f8222337acc641e0787b7492d09e6eec944b3dc",
    "/1650.6dfa8e9c3b84ba39.js": "8c8b31afe8f4e00c5d8a2e811c22e9a21016cc8e",
    "/1709.042f5e5739f6f4c8.js": "5d7b6068a44cf167f22cb4e4f8413003ff99f62d",
    "/1844.b5b01c275e3b8670.js": "faf42be80d0d0a2b55d780acf5c57ca84de57321",
    "/2073.a774e57838656d83.js": "2152b162cf3fcc80f0c1f4e68ea5f50c95d72bb6",
    "/2289.6b172f3990d7cb3a.js": "0369bae49080edb8d80e74185b0aea25edea63d6",
    "/2349.90ddd493fb01ba49.js": "3177f492ded2f1994c3af4c3d1147d556c6f320a",
    "/239.0cb0a053847935ef.js": "33f37a4ce753a41535c9e14f64b508c66e05bc85",
    "/2442.d9f26099077d7456.js": "59276b91440e4f3f869e2501450982ca5a4df41b",
    "/2698.d34dffd6811070ba.js": "d3eb0d57bc1e9fbcb8a70e0d3c19520531c1a54d",
    "/2715.136dfc4f3e07c5fd.js": "3351a20779cef76a8e4e7a7b73d37fd235ca3ce2",
    "/2739.62afc442b44ffefe.js": "816f9dc785945432d60b1da4485d4b5f8f68d903",
    "/2773.591895c0eaa0c42f.js": "6ca11ba7ea07b05a2f41352b4e5682d02ef86156",
    "/2933.93b7c4bca0942905.js": "38594929756c296a8b4c5f4f45fb0a1d1c2282ab",
    "/2987.4accad74d83c603a.js": "dd65d796ea7b5330e2640e04c129cef41096d5f0",
    "/3274.1b511715a78e3d2f.js": "467aa59c481e4c71e6728270c49a3befc133afdd",
    "/3326.33b8202895464a05.js": "8bc636acb72419fb55a77661e92eb053ce4fc980",
    "/3465.dbf2301978497fb8.js": "48400568a36b9e3421088e6f29edbb1d016b48fd",
    "/3527.608917d56d54f2ed.js": "d7cb5c4b431a261035f22070cca4155d509b9893",
    "/3583.826c67686c3d99c1.js": "7dad712f314a8faee3513f5dd26335b68f1c15fd",
    "/3648.6bd1440390b8b318.js": "c23807f4c59c7398f31e1e92bbcb46c5419a09b5",
    "/3664.b87ffbeae4c8f8d1.js": "28d3f78efc19ef00137c41a14cd8102552e1e085",
    "/3802.97213a2e68c0a8ee.js": "c66baebf388d8ac20db887fff640a036cfb094fd",
    "/3804.8ce856562a744928.js": "9314df79d207207e1050e1b9b2c00ffdeeeb065b",
    "/3822.ec985f7dc5982c2f.js": "d792fd1e24b6dd042594b431a59e61939e569fdd",
    "/388.d6550d6575932e31.js": "66ee38f65dbc1a9df13e1b8429efbc3fdd2ea9b4",
    "/39.ae748cc7f5cc55f1.js": "52af026249238d3bef56c64546dc364b847fe8ff",
    "/3954.6344c003d7fe6f62.js": "db8cc927ee9f79667f3cbc98ce8b8774a551e5bd",
    "/410.16a62b6c4b6c440b.js": "54f80141632c115b6d92d5660cd15e0db8cc1d1d",
    "/4174.54a87ba1651d800e.js": "5cc8cd2f87ef98e9364015fdc6301c3425acd32f",
    "/4203.f88a38e39c0cd7e2.js": "31d8f5227cd261b3907feb1222dbfaa07ad35d95",
    "/4330.af6cb65c611a1264.js": "468da78a04d3ce83bae6a9667dbb560ad0a2a47f",
    "/4376.c132a634ce705a11.js": "df7dd4252fd460395e3fdaf2f976363f8f691ca6",
    "/438.a06169259f56cb1a.js": "86fd9fbb378385cf5d7abae6b8876add572b1b25",
    "/4432.068519ec65a523da.js": "40e9df48252f9945e382b1627fae118983feaf49",
    "/4477.2804a0e8425d41db.js": "8ce330c973c06b1824f35728f5ddb18e1a42d237",
    "/4711.c67a4ae991ed5753.js": "d2f435f7bbe81083045a3de29fbbf2a21fc407b8",
    "/4753.9a24da01e5fb77cb.js": "40ad616cc477d5f24a34d6b44f8f439cfba2d8d1",
    "/4908.e30e0304b3981401.js": "64020be24c488899a8661c3cc966c38dd1dab501",
    "/4959.1e3103e3fa815a6b.js": "7d868131ba4d8ba47f3b06ee66ec5f3c4f6f5185",
    "/4987.8f6f03dedffe72a2.js": "bc8d0b480a62924b625f02e90c87de24b89a2bed",
    "/5168.9c71bd0f299bc861.js": "b893ac15e301fcc8d400164065efd9b22174fa0c",
    "/5212.1fb66e2b0e1ade7c.js": "e4aa9724d0fb4cc7c9d42323fc3c6785f45cd205",
    "/53.7a62c16aed4b8977.js": "28c816e437f5ff87c55d58ffd0bfeb9031bfbc3b",
    "/5349.f288aaab5fb89af3.js": "7eb51bf41257701652574a375afcb9a755cd78ff",
    "/5487.54827f8247a13867.js": "2b3033ac66b558461a533ddd9bea7cde276c5749",
    "/5572.3f9f1f8a1d9d453f.js": "c67aa51d28e1aad7c287cf4d5ea2929dc62c2679",
    "/5652.f611e7624d42bb7f.js": "e9c9536cca0914493a9ed281c9f8d82d08103bff",
    "/5836.d750497c324827b2.js": "36c1aaf46cfd4928e5239fbbef45ad9fc7561bd3",
    "/6120.a4f594d516d61471.js": "b803ddf210037c8c467f42e0dba0c26df3a71b8d",
    "/6560.98213b9f4af35a5b.js": "4034e4ec4321b4ba4a595d49a41c208a64cf356b",
    "/657.e4ac080195fac1ee.js": "0665726ee5abf99cdf12caf20a27850e4a49b582",
    "/6708.4fb8a7b1db98e7ed.js": "05c3ca15eaabca9ecb5d3cc295ea0bb7b7454d51",
    "/6713.469117436cd97bf4.js": "fa953cd48330b2ae08cd85678023aa100d4f0467",
    "/7544.8baf68a3869fe268.js": "54dee2505792ca4c8c3257d48f1d0f76dd6b75a6",
    "/7602.d2650905d94c8f4f.js": "b3154746dba5e17835236afa7cf5b6e23aaf501c",
    "/7696.a82c0e09ba222dfb.js": "39a96fd318bd0f529201e2114c25b08288e13ef2",
    "/7839.c1fff36668bb3d54.js": "2906efc67ccd9fc2088f2e9d245b60c83811f66d",
    "/7883.cadacf82efdd5086.js": "f48acc91c69fc29a0a71d75f2006b92d7975178d",
    "/7943.633dc8d495df3148.js": "92e26f14fa0381c09d4626cacf8230413b47cf5a",
    "/8034.39cc27e96305e51a.js": "9879de2ba8dea5878c33de8d8c93e30c5f3b9f48",
    "/8136.b4112c8c449adc43.js": "ae14d0977cd0bec2f86cc85593615266a04ca535",
    "/816.d42702c759b80ddd.js": "df57d79769f8dcbacfb6edac0edf4990cdcc8fa6",
    "/82.fadc4daa66cdca96.js": "fa66e9b833e81cd7718c2ad367a9e31a7b793193",
    "/8232.136d595f0d698780.js": "cdf50326e6246f01194af0786e3b6e6301990840",
    "/8234.467826c3b9a48df4.js": "314921a22a40b6bc5cbab8b2f587f5ced4d9cec3",
    "/8628.073759e030c15c71.js": "bc37e873032edaf0bd4d4334df73c6231ae301e6",
    "/8913.5da50545a0c6644e.js": "a1c9e62f429b348f7d9cbe32d680e059f07e38b4",
    "/8939.82c5fdb1cf47d2f2.js": "25373a01bfbf77dcf834084e525c26c868ce2c91",
    "/9016.0aff4c17f5bac874.js": "c2020d4c3e32b4c162d43fd511f61924fa4d0b26",
    "/9242.8670fef4f3af6dfc.js": "41c6fed06540752b111f5f4dd089892fa278f746",
    "/9325.3403744bfa984522.js": "1975389dfc861dbb143629889fe71a6cecebbe4f",
    "/9434.ec74495f71fd6b4c.js": "2bfe8dd6ffb4840edb5ecad08cc34d5b0d0f6c3a",
    "/9536.947fa5f373fd4cc0.js": "3da3cb014c484b80f0cf4f2b3b2c9c820962d1fe",
    "/9654.343edcdfc1880dd1.js": "939c613306944eba04048efbf2d4bd4eeef26a74",
    "/9824.3546fc4f0f675409.js": "6c3ba96280762a5319732a8fa9a3e127aa55313e",
    "/9922.1774f50c98c2f4a6.js": "2ea3fd19c0b622c5131a6c7238f8d3ef0cd84218",
    "/9958.b9628740b83eeae2.js": "63854cf3a0e80648d3e51b38e3638501af113bda",
    "/assets/avatar.svg": "87ce76e0b4625bf98a1286d35754e0a306770bf8",
    "/assets/icon/favicon - Copie.png": "7798b8e0eb61d7375c245af78bbf5c916932bf13",
    "/assets/icon/favicon.png": "cc9b7bc3c009bbdc9b2cd1531e4c622bdc668911",
    "/assets/icon/logo.png": "7b5fadf28395df7defe3282fb508e54bcc5d0218",
    "/assets/icons/icon-128x128.old.png": "dae3b6ed49bdaf4327b92531d4b5b4a5d30c7532",
    "/assets/icons/icon-128x128.png": "3e7d358a94c12c7225f0b67d68fc328e7e9a6fff",
    "/assets/icons/icon-144x144.old.png": "b0bd89982e08f9bd2b642928f5391915b74799a7",
    "/assets/icons/icon-144x144.png": "dd843467fe3b604ed3846db5a53005f291f10769",
    "/assets/icons/icon-152x152.old.png": "7479a9477815dfd9668d60f8b3b2fba709b91310",
    "/assets/icons/icon-152x152.png": "83fda7d82dcf87843c412cf1c4d112b0d5484c0b",
    "/assets/icons/icon-192x192.old.png": "1abd80d431a237a853ce38147d8c63752f10933b",
    "/assets/icons/icon-192x192.png": "450aad12a4ea83cae1d1a99b6388f366671301fc",
    "/assets/icons/icon-384x384.old.png": "329749cd6393768d3131ed6304c136b1ca05f2fd",
    "/assets/icons/icon-384x384.png": "d0953ae5c21b35b652e5eceaaebce24dfb487d9d",
    "/assets/icons/icon-512x512.old.png": "559d9c4318b45a1f2b10596bbb4c960fe521dbcc",
    "/assets/icons/icon-512x512.png": "5ab1deba7d3b33d3d6b8e2d8670749708741ed49",
    "/assets/icons/icon-72x72.old.png": "c457e56089a36952cd67156f9996bc4ce54a5ed9",
    "/assets/icons/icon-72x72.png": "a91096ae7db483fdbf5b16a8715757484b3f5eab",
    "/assets/icons/icon-96x96.old.png": "3914125a4b445bf111c5627875fc190f560daa41",
    "/assets/icons/icon-96x96.png": "90327994d783d78535e9e1695f91154ec279ee05",
    "/assets/shapes.svg": "5413e95adabcb2cb639970051f55e0ddb64ace53",
    "/common.edc1dcfa0b3e801d.js": "93e997b76c21fa7b341654b36561e92ff1c75484",
    "/index.html": "96012d6db2ca49da074f1c0ba648d6ad51e2d8f5",
    "/main.489784adace474f5.js": "13cf953a17f3689409a86fe44c74fb3f6a51a9dd",
    "/manifest.webmanifest": "9a088b7c4339228d1082e666ce105dc889bc180c",
    "/polyfills-core-js.b3eb16f0f64e9b8c.js": "74f73ddfbee814abfb2702e1dd9ca4c9ddb994c5",
    "/polyfills-dom.3a5e3168052f1fc5.js": "50f6ff473a0568bffb8a9d412d7efaced2d36137",
    "/polyfills.8a98a597f426b6b1.js": "bc9d31c2a832edbdb844834ad938b1cf04f94340",
    "/runtime.803d687346806bb8.js": "f7f9b8690efe9f756f8c14f25b7260f01cbb5ef7",
    "/stencil-polyfills-css-shim.fa00a8f87f0e257c.js": "dbd7ebd05de4f0ad9451e8f4c5d66773ea4565f9",
    "/stencil-polyfills-dom.348609324cf29d12.js": "e46745b395845ad50679f3e911734959c3235d45",
    "/styles.01abda053c6fcfec.css": "96bd9db7923ebfb624d68fefd36e3a626c4c5bb5"
  },
  "navigationUrls": [
    {
      "positive": true,
      "regex": "^\\/.*$"
    },
    {
      "positive": false,
      "regex": "^\\/(?:.+\\/)?[^/]*\\.[^/]*$"
    },
    {
      "positive": false,
      "regex": "^\\/(?:.+\\/)?[^/]*__[^/]*$"
    },
    {
      "positive": false,
      "regex": "^\\/(?:.+\\/)?[^/]*__[^/]*\\/.*$"
    }
  ],
  "navigationRequestStrategy": "performance"
}